시도,시군구,거래건수,평균거래금액_만원,평균노후도_년,평균면적_m2,신규입주_세대수,입주단지수,전월세거래건수,대수선이력건수,대수선이력_수집됨,인테리어업체수,총인구수,청년인구비율,고령인구비율,인테리어_수요점수,예상시공비_하한_만원,예상시공비_상한_만원,시장규모_추정_억,소상공인_인테리어업체수
경기,용인시,3418,67008.1,17.8,101.9,973.0,4.0,5207,1685.0,True,0.0,1089693,24.2,24.2,65.73,4624,6781,1949.1,1398
서울,송파구,1086,253550.2,18.1,83.7,2572.0,4.0,4640,1087.0,True,0.0,650505,28.0,25.7,55.78,3798,5570,508.7,1411
서울,서초구,403,313974.2,18.2,109.9,5886.0,7.0,1949,578.0,True,363.0,414486,25.3,23.7,52.08,4987,7314,247.9,1558
서울,강남구,450,275271.6,18.5,88.8,349.0,2.0,2216,990.0,True,0.0,552962,25.5,23.4,43.75,4029,5910,223.6,2076
경기,수원시,1866,61874.3,17.2,85.6,3841.0,5.0,2430,1471.0,True,186.0,1186120,29.4,23.1,42.11,3884,5697,893.9,1377
경기,성남시,1081,145790.4,17.0,85.1,1206.0,4.0,3287,1458.0,True,0.0,903747,26.2,26.8,41.39,3861,5663,514.8,1214
경기,고양시,1146,51585.1,17.4,100.3,2142.0,4.0,2522,1203.0,True,0.0,1057471,24.7,27.6,38.95,4551,6675,643.2,1408
대구,수성구,1223,82089.2,17.9,109.8,1003.0,2.0,1114,0.0,False,0.0,408527,20.7,28.4,37.64,4982,7307,751.5,687
대전,유성구,1027,51905.3,17.9,95.5,2783.0,2.0,1854,0.0,False,83.0,371147,30.0,20.2,36.42,4333,6355,548.8,485
서울,성북구,1336,96754.7,17.8,80.7,856.0,3.0,2279,948.0,True,0.0,422190,28.2,28.0,36.32,3662,5371,603.4,463
경기,남양주시,1649,46499.8,17.5,91.0,138.0,1.0,2377,876.0,True,0.0,727717,21.9,27.0,36.18,4129,6056,839.8,1163
서울,용산구,197,238687.8,17.6,105.9,0.0,0.0,836,1158.0,True,0.0,199810,31.4,27.3,35.82,4805,7048,116.8,450
부산,해운대구,761,98050.6,18.5,101.6,184.0,1.0,987,0.0,False,126.0,370920,20.4,32.5,34.49,4610,6761,432.7,545
경기,파주시,871,35119.2,16.9,91.7,4374.0,7.0,2571,854.0,True,0.0,532124,24.1,24.7,34.03,4161,6103,447.0,769
서울,마포구,463,132696.8,17.6,83.1,979.0,4.0,2004,1478.0,True,0.0,356856,33.2,23.8,33.78,3771,5530,215.3,868
경기,평택시,633,26363.1,17.7,89.0,8522.0,8.0,893,1174.0,True,0.0,618234,28.1,21.8,33.5,4038,5923,315.3,861
서울,광진구,169,181550.1,18.4,106.0,828.0,3.0,439,598.0,True,0.0,331136,33.6,26.3,33.05,4810,7054,100.3,565
서울,종로구,143,134952.0,17.6,96.6,0.0,0.0,324,2758.0,True,0.0,136518,29.2,30.8,32.13,4383,6429,77.3,540
서울,강동구,628,133928.5,17.3,87.5,652.0,3.0,2113,578.0,True,0.0,499058,26.4,27.1,31.49,3970,5823,307.5,548
서울,강서구,629,108508.5,18.2,79.3,1727.0,6.0,1735,578.0,True,0.0,548622,30.4,28.1,31.38,3598,5277,279.1,735
인천,남동구,1226,48172.4,17.7,90.4,0.0,0.0,1915,539.0,True,0.0,479343,23.8,29.7,31.24,4102,6016,620.2,713
부산,남구,424,54844.7,18.4,103.9,3287.0,3.0,412,0.0,False,0.0,254174,22.9,33.2,31.14,4714,6915,246.5,278
광주,북구,297,33200.2,18.5,92.1,7062.0,7.0,215,0.0,False,0.0,416326,24.4,28.6,30.12,4179,6129,153.1,687
대구,달서구,1220,42386.9,17.4,94.9,1773.0,3.0,986,0.0,False,64.0,514075,23.0,30.4,30.11,4306,6316,647.9,524
서울,은평구,807,90022.4,16.3,86.4,2451.0,1.0,2336,715.0,True,0.0,453398,26.8,30.6,29.65,3920,5750,390.2,490
인천,서구,431,39978.1,17.2,88.5,9734.0,12.0,626,712.0,True,0.0,660464,26.0,22.0,29.6,4016,5890,213.5,671
서울,성동구,204,155571.6,18.1,81.5,1936.0,2.0,697,687.0,True,0.0,274694,31.2,26.9,27.97,3698,5424,93.0,711
울산,남구,664,62975.9,17.4,109.7,1233.0,6.0,311,0.0,False,0.0,304385,25.0,27.3,27.72,4978,7301,407.7,516
서울,영등포구,182,131544.8,17.9,93.8,707.0,1.0,534,823.0,True,0.0,371772,34.1,26.2,27.2,4256,6242,95.5,665
인천,연수구,482,84781.5,17.3,109.2,0.0,0.0,1079,281.0,True,0.0,410308,24.8,21.9,27.2,4955,7267,294.6,325
경기,광명시,1137,92862.4,16.6,84.8,2014.0,4.0,1473,290.0,True,0.0,303479,25.8,26.1,27.17,3848,5643,539.6,336
부산,동래구,706,50252.4,18.5,88.9,400.0,1.0,497,0.0,False,0.0,271437,20.9,31.5,26.55,4034,5916,351.2,351
경기,안산시,316,46406.8,18.8,84.5,472.0,1.0,555,1140.0,True,0.0,609712,26.7,26.8,25.99,3834,5623,149.4,976
경기,의정부시,491,36120.0,18.9,77.5,2781.0,3.0,806,357.0,True,0.0,461816,24.5,28.9,25.84,3517,5158,213.0,492
서울,동작구,280,142267.3,17.5,89.2,1346.0,6.0,683,475.0,True,0.0,372327,32.6,27.3,25.81,4047,5936,139.8,332
경기,오산시,621,37063.8,16.9,89.7,3878.0,4.0,1371,329.0,True,0.0,252414,27.5,19.6,25.19,4070,5970,311.7,235
부산,부산진구,533,37570.1,18.3,86.8,1891.0,5.0,451,0.0,False,58.0,365104,27.5,32.2,24.91,3939,5777,258.9,410
경기,양주시,435,24683.6,18.4,81.6,2737.0,4.0,958,456.0,True,0.0,296976,23.7,26.4,24.9,3703,5430,198.6,415
서울,동대문구,533,100277.2,17.5,78.6,1343.0,5.0,849,842.0,True,0.0,352299,31.7,28.0,24.85,3566,5231,234.4,405
부산,수영구,159,64819.3,18.6,92.7,1233.0,1.0,189,0.0,False,64.0,168513,24.9,35.1,24.76,4206,6169,82.5,268
경기,이천시,255,28834.5,17.3,83.9,7675.0,11.0,503,675.0,True,0.0,223635,25.8,27.2,24.65,3807,5584,119.7,344
대구,북구,515,34443.4,18.1,89.4,1746.0,5.0,513,0.0,False,0.0,407548,24.0,29.4,24.53,4057,5950,257.7,554
경기,하남시,384,80646.6,18.4,84.0,0.0,0.0,911,317.0,True,0.0,327571,24.8,23.6,24.42,3811,5590,180.5,556
경기,과천시,87,202740.2,17.8,79.7,846.0,1.0,517,158.0,True,0.0,80384,25.3,23.4,24.41,3616,5304,38.8,80
대구,남구,98,32912.2,18.4,88.5,4758.0,3.0,69,0.0,False,38.0,140620,24.5,36.8,24.27,4016,5890,48.5,292
서울,양천구,264,101814.4,18.1,89.5,103.0,1.0,693,300.0,True,0.0,422070,22.9,27.8,24.08,4061,5956,132.2,379
서울,중랑구,215,75122.1,18.3,83.6,1950.0,3.0,601,469.0,True,59.0,376463,27.5,32.6,24.06,3793,5564,100.6,466
부산,금정구,384,52232.0,18.0,99.1,415.0,1.0,216,0.0,False,81.0,205968,22.4,38.1,23.82,4497,6595,213.0,325
대구,중구,172,41126.0,18.9,92.9,451.0,2.0,158,0.0,False,28.0,101643,31.5,24.2,23.78,4215,6182,89.4,308
서울,관악구,421,78832.8,18.6,79.6,0.0,0.0,759,253.0,True,0.0,478154,41.0,25.8,23.5,3612,5297,187.5,550
광주,남구,168,58184.8,17.7,103.7,624.0,2.0,216,0.0,False,0.0,206083,21.2,30.3,22.88,4705,6901,97.5,243
서울,노원구,155,70732.3,19.0,82.6,574.0,2.0,316,330.0,True,0.0,481589,25.3,29.6,22.82,3748,5497,71.6,389
울산,울주군,471,41903.2,17.8,88.9,2278.0,2.0,210,0.0,False,0.0,218259,20.4,31.4,22.63,4034,5916,234.3,224
부산,연제구,390,55943.8,17.6,99.9,544.0,2.0,178,0.0,False,50.0,211509,23.4,32.3,22.62,4533,6648,218.0,332
서울,구로구,509,77927.7,17.8,73.7,658.0,3.0,1155,431.0,True,0.0,382652,27.9,30.3,22.6,3344,4905,209.9,505
경기,광주시,258,44860.1,16.9,101.8,2846.0,3.0,332,710.0,True,0.0,398250,22.4,27.5,22.42,4619,6775,147.0,670
부산,동구,80,37330.2,19.0,89.8,268.0,1.0,95,0.0,False,23.0,83432,22.0,40.0,22.14,4075,5976,40.2,242
경기,구리시,265,68427.4,18.8,80.1,1180.0,1.0,329,144.0,True,0.0,187463,25.2,28.2,22.07,3635,5331,118.8,266
서울,서대문구,247,97401.0,18.2,75.6,487.0,2.0,424,717.0,True,0.0,300236,30.0,28.1,21.97,3430,5031,104.5,418
부산,강서구,192,36474.2,17.2,99.1,3159.0,3.0,260,0.0,False,467.0,153175,22.7,21.0,21.77,4497,6595,106.5,233
대전,동구,569,30109.9,18.1,82.2,400.0,1.0,596,0.0,False,38.0,218505,24.3,32.5,21.72,3730,5470,261.7,250
광주,광산구,554,38829.7,17.8,85.2,611.0,2.0,560,0.0,False,0.0,384040,25.6,20.5,21.7,3866,5670,264.1,448
경기,안양시,638,60185.4,17.6,80.1,1163.0,3.0,585,465.0,True,120.0,562341,26.6,27.2,21.59,3635,5331,286.0,917
경기,김포시,478,48979.2,16.4,96.0,0.0,0.0,1369,625.0,True,0.0,484047,22.2,24.0,21.58,4356,6389,256.8,692
경기,포천시,112,21758.3,19.8,79.1,0.0,0.0,171,446.0,True,0.0,140464,19.8,40.2,21.56,3589,5264,49.6,422
경기,의왕시,458,94468.3,16.6,83.3,3813.0,3.0,733,182.0,True,0.0,163071,26.0,28.5,21.55,3780,5544,213.5,156
경기,안성시,384,21283.5,17.3,85.1,1989.0,3.0,1062,584.0,True,0.0,198631,23.0,30.9,21.27,3861,5663,182.9,282
부산,사하구,309,23541.2,18.8,84.2,108.0,1.0,211,0.0,False,29.0,282633,20.5,36.7,21.01,3821,5603,145.6,331
울산,중구,380,52328.6,17.0,102.6,931.0,2.0,163,0.0,False,0.0,203216,21.1,31.9,20.95,4655,6828,218.2,347
대전,중구,303,39195.8,17.9,86.0,849.0,2.0,548,0.0,False,0.0,224581,22.7,32.9,20.9,3902,5723,145.8,379
서울,중구,286,127838.9,17.2,88.9,0.0,0.0,614,0.0,True,0.0,117765,31.2,30.9,20.59,4034,5916,142.3,478
인천,중구,30,37688.3,17.4,107.5,871.0,2.0,65,653.0,True,0.0,178490,28.7,23.1,20.54,4878,7154,18.0,186
경기,시흥시,179,38006.9,18.2,79.3,2114.0,4.0,459,497.0,True,0.0,514804,25.4,22.2,20.42,3598,5277,79.4,683
광주,서구,187,45454.3,17.1,100.0,1924.0,3.0,175,0.0,False,0.0,274925,25.1,27.5,20.27,4537,6655,104.6,603
인천,부평구,380,42923.6,18.3,76.0,400.0,1.0,507,457.0,True,0.0,488829,26.0,29.8,19.77,3448,5058,161.6,592
서울,도봉구,55,63845.5,18.8,80.1,299.0,1.0,92,356.0,True,0.0,298571,23.3,35.5,19.57,3635,5331,24.7,326
울산,북구,586,31957.9,17.4,89.5,0.0,0.0,349,0.0,False,0.0,213772,23.3,22.0,19.34,4061,5956,293.5,128
경기,군포시,468,72774.1,17.2,86.9,0.0,0.0,543,230.0,True,0.0,249770,25.3,29.3,19.03,3943,5783,227.6,220
대전,서구,286,35687.0,17.6,81.3,2147.0,5.0,330,0.0,False,0.0,463601,27.8,25.0,18.79,3689,5410,130.1,745
경기,여주시,119,24981.6,18.3,91.8,0.0,0.0,137,336.0,True,0.0,113541,18.4,39.3,18.52,4165,6109,61.1,189
인천,계양구,142,38778.5,18.1,83.9,1285.0,3.0,237,279.0,True,0.0,276563,24.5,31.7,18.39,3807,5584,66.7,372
울산,동구,158,29025.0,18.2,88.1,36.0,1.0,120,0.0,False,0.0,147834,20.8,28.8,18.37,3998,5863,77.9,127
광주,동구,29,35617.2,17.7,94.3,1269.0,2.0,11,0.0,False,0.0,105005,26.3,32.2,18.31,4279,6276,15.3,215
부산,북구,146,26623.3,18.8,79.3,0.0,0.0,68,0.0,False,32.0,260994,21.1,36.3,18.2,3598,5277,64.8,256
서울,금천구,31,64450.0,18.3,79.0,769.0,2.0,58,300.0,True,0.0,222655,31.9,31.3,17.53,3585,5257,13.7,685
부산,서구,43,36427.9,18.0,90.6,0.0,0.0,32,0.0,False,9.0,101320,20.3,40.4,17.41,4111,6029,21.8,105
인천,미추홀구,400,36361.8,17.2,79.4,1550.0,3.0,464,437.0,True,0.0,417725,25.6,29.8,17.22,3603,5284,177.7,531
대구,달성군,390,29530.5,17.6,83.3,0.0,0.0,298,0.0,False,0.0,252210,21.3,26.7,17.02,3780,5544,181.8,221
대구,동구,442,30368.4,16.7,87.3,1021.0,2.0,540,0.0,False,0.0,338260,22.8,33.9,16.92,3961,5810,215.9,431
부산,기장군,239,33112.1,16.6,97.8,0.0,0.0,436,0.0,False,0.0,175273,19.8,28.0,16.28,4438,6509,130.8,201
부산,사상구,99,34347.3,17.4,90.8,0.0,0.0,130,0.0,False,34.0,192718,22.4,37.8,15.68,4120,6043,50.3,259
대전,대덕구,58,26730.2,18.3,80.0,0.0,0.0,46,0.0,False,0.0,164379,22.9,32.8,15.67,3630,5324,26.0,303
경기,가평군,55,19902.7,18.1,87.1,0.0,0.0,59,282.0,True,0.0,62044,17.0,45.2,15.64,3952,5796,26.8,114
서울,강북구,301,88527.4,16.2,79.1,686.0,3.0,471,326.0,True,0.0,278294,24.4,35.6,14.25,3589,5264,133.2,339
경기,양평군,87,29887.0,16.6,95.1,0.0,0.0,155,359.0,True,0.0,126746,15.1,44.3,13.23,4315,6329,46.3,254
경기,동두천시,97,23564.4,17.1,91.2,0.0,0.0,201,83.0,True,0.0,86243,19.2,37.3,13.13,4138,6069,49.5,132
부산,영도구,34,26241.2,17.6,78.6,0.0,0.0,24,0.0,False,4.0,100748,17.2,45.1,12.21,3566,5231,15.0,117
경기,연천군,39,13197.4,18.6,67.6,0.0,0.0,72,98.0,True,12.0,42868,19.8,44.5,12.17,3067,4499,14.8,81
대구,서구,153,31286.1,16.2,92.2,0.0,0.0,112,0.0,False,0.0,163748,20.7,40.0,11.25,4184,6136,78.9,273
인천,강화군,8,21712.5,17.5,72.7,0.0,0.0,11,314.0,True,14.0,69689,12.8,52.6,10.05,3299,4838,3.3,131
부산,중구,6,19650.0,17.8,64.1,0.0,0.0,9,0.0,False,0.0,36375,23.8,43.9,8.89,2909,4266,2.2,113
인천,동구,72,27534.7,15.7,71.3,1321.0,1.0,57,174.0,True,0.0,57836,20.5,37.2,4.85,3235,4745,28.7,139
